                  epoch,         train/box_loss,         train/cls_loss,         train/dfl_loss,   metrics/precision(B),      metrics/recall(B),       metrics/mAP50(B),    metrics/mAP50-95(B),           val/box_loss,           val/cls_loss,           val/dfl_loss,                 lr/pg0,                 lr/pg1,                 lr/pg2
                      0,                0.85092,                 1.6673,                 1.2303,                0.60903,                0.53794,                0.56918,                0.45282,                0.72117,                  1.013,                 1.0686,               0.070005,              0.0033328,              0.0033328
                      1,                 0.8137,                  1.096,                 1.1836,                0.72127,                0.58275,                0.64456,                0.53222,                  0.645,                0.82347,                 1.0091,               0.039345,              0.0060062,              0.0060062
